filename,fire,smoke
WEBSmoke1795_jpg.rf.1d048fe93fa039179f19682102e196ee.jpg,1,1
ck0kmhpz99t9w0701ftiu8jlx_jpeg_jpg.rf.e6b124cc638c1c8593afbbd2e02d3d1c.jpg,0,1
ck0knam319ybv0701clozevt3_jpeg_jpg.rf.55b5c460f1dc9bb603dbb85393914121.jpg,0,1
Img_1231_jpg.rf.990633489cae91ecb936b5499e81b611.jpg,1,0
ck0ncji892we50794albpt7x4_jpeg_jpg.rf.255b72ee5fec07817201b6e691fc31ff.jpg,0,1
ck0tyt8nmui9l0701fr3lsu7s_jpeg_jpg.rf.00da7cca8035c7595242c0c3482e5abb.jpg,0,1
Img_397_jpg.rf.027fbaabcf72e56436f21630b25381f7.jpg,1,0
Img_1705_jpg.rf.02989d8d097e8c92fba6ef16bf223235.jpg,1,0
Img_1223_jpg.rf.360f3950d56b14764b6898fc4a44e201.jpg,1,0
ck0ovkzw8secm0863zxuv11su_jpeg_jpg.rf.f3f037171a3725f21618e1a04acccf71.jpg,0,1
ck0t4z1yrkmfv0794t2oqhd3f_jpeg_jpg.rf.37024d126abc47beec0f47692282cbb0.jpg,0,1
Img_1682_jpg.rf.c8208293bb4f7c525745996244072773.jpg,1,0
ck0k9ghqt7a8l0944mcvy0jsx_jpeg_jpg.rf.2f9b08c3da3e32939845c5a93051b210.jpg,0,1
Img_1937_jpg.rf.6122c547f356547e19c987b83f4b55db.jpg,1,0
ck0uk5cl3877p0a468qm2bfay_jpeg_jpg.rf.f3e9e95654eed6e44a2ab564bf5268dc.jpg,0,1
ck0kl3bjt5xyz0863ru5wbw27_jpeg_jpg.rf.5bc50a8a5dc31ce42214e7d4fd9ba105.jpg,0,1
ck0nf3wev47fm0794xfr1xuhs_jpeg_jpg.rf.1a663c61909725c7f276d47f4a329ea8.jpg,0,1
ck0u0dtzbt9mu08385juqmknt_jpeg_jpg.rf.75d1d23b293aa6fc6fe33bd737ebe265.jpg,0,1
Img_1797_jpg.rf.e369f2f10a14ef3c73c83ee9824e702f.jpg,1,0
ck0tsyvp361ow084867dinue0_jpeg_jpg.rf.e609b567c3cf4ab6603f5275ac9f60e9.jpg,0,1
WEBFire1542_jpg.rf.99b954ae3c19b72decfeac2d3a30b25d.jpg,1,0
Img_2015_jpg.rf.b3e55c84a6c317ed0258d30a5aa5f3ac.jpg,1,0
ck0k9jss09oxq0721c8pd7eds_jpeg_jpg.rf.4cee377e9fe35dc0037445717b6b86f5.jpg,0,1
NoiseWEBSmoke623_jpg.rf.e581b4b32946e1a62959d64ec75da376.jpg,1,1
Img_1433_jpg.rf.33801de74cf8247fad353c8fe7f4ae5e.jpg,1,0
ck0tyojsawouz0721wteyaxe4_jpeg_jpg.rf.5a84bfc8ea2d71f92536b7d0a088573c.jpg,0,1
ck0rqzwam6rx20944o5eby5wd_jpeg_jpg.rf.7bfd1e3e33ca76ae976b224469f5e297.jpg,0,1
ck0ndfo8l6ov10701vn095htn_jpeg_jpg.rf.347d8c8c50cfedab8f631bcf54d6a2cf.jpg,0,1
Img_1433_jpg.rf.eaf3d5f8f4f9c86a60c57d840b59dd24.jpg,1,0
new_fire_fire-433_png_jpg.rf.5a1668561a9e2fbb2f18b48eb264dd5e.jpg,1,0
Img_1108_jpg.rf.1603a600a2ebb642150c8e9e313372ad.jpg,1,0
60-Copy_jpg.rf.b7015a7f248345ae5480a573c9b9147f.jpg,1,0
Img_1140_jpg.rf.dfc35abfac0340c5e29aff2ba2ee3ff3.jpg,1,0
Img_1020_jpg.rf.409d084afdeae72841974a302435df37.jpg,1,0
ck0tx0999u6br0944s68atde0_jpeg_jpg.rf.d1033a339d68d59edd93c0433555a921.jpg,0,1
new_fire_fire-538_png_jpg.rf.2b96cff71e13c0457c8d1281bb137aca.jpg,1,0
ck0kdvg6tj4hn0a46k06job5k_jpeg_jpg.rf.bb18e0c81e0d338a57c7024627c7a2ca.jpg,0,1
Img_1290_jpg.rf.d557f89bc75197d493790b430bc0aa53.jpg,1,0
WEBFire1157_jpg.rf.c03176ecdc8515e7457ec693dee19eae.jpg,1,0
ck0rqgv1m8wok07216g2getrt_jpeg_jpg.rf.a08c6a0db5a74fd28440fa970ce4e640.jpg,0,1
fire1-59-_jpg.rf.5def366d5074c3842bf16515f192e1eb.jpg,1,0
WEBFire1119_jpg.rf.5b6792c115ba3679e11b0c18d15cda72.jpg,1,0
Img_1066_jpg.rf.d7474399999ae0ee3690af8e733c8526.jpg,1,0
ck0lwlv9fjpfg07217xwy7qne_jpeg_jpg.rf.87223b4ba8a938e2097a42dba18b64d5.jpg,0,1
NoiseWEBFire1368_jpg.rf.1fbcd9ab8520b573dca33bae1886787f.jpg,1,1
19_jpg.rf.16acaffac9f546a2c454095e43502444.jpg,0,1
ck0nfms4c59l108632rf19agc_jpeg_jpg.rf.572546cecb651b41f5dbc5820a7893fa.jpg,0,1
ck0nf44ililfz0a469cimeiu1_jpeg_jpg.rf.dd25df6861885c61247ca2567bf340e0.jpg,0,1
0096_jpg.rf.810778785777c1753b293d0cde4cf6bd.jpg,0,1
ck0t81ysfnhui0838yucfeszk_jpeg_jpg.rf.e2f09e4e168d681906ae07f5afe52d7d.jpg,0,1
Img_1058_jpg.rf.3a37ee27d1fa47b659b6cca9900561ef.jpg,1,0
fire1-309-_jpg.rf.b0dadd3b2a2ee40499166db0c5f0afb5.jpg,1,0
Img_2112_jpg.rf.189f549324e56f7274ad6f03c6b6a1f5.jpg,1,0
Img_205_jpg.rf.af4bf456d2d890b947d718b63c8af8f8.jpg,1,0
fire1-1402-_jpg.rf.eacd42f3e08ae5460eb0023c398c00ae.jpg,1,1
Img_1266_jpg.rf.b459c60907252e477251e583d440761e.jpg,1,0
ck0kcbvwl4tja0794csyimfqu_jpeg_jpg.rf.2eb7937381d3473d3fbd6771efb13ebe.jpg,0,1
fire1-801-_jpg.rf.eb6d128e5e546d22938e5d7f0125ac6d.jpg,1,0
ck0qc6lwsetj70794bennfrza_jpeg_jpg.rf.c3ec34119854bb82a9853e3fd40b04a0.jpg,0,1
ck0t7iosiorq50701wgtb048m_jpeg_jpg.rf.1569232d03de12426c445c3ba9a98294.jpg,0,1
Img_1433_jpg.rf.804485793a28497b80fbeb305f448b84.jpg,1,0
ck0l8culveaqb0721xkucococ_jpeg_jpg.rf.a20a504679c2ee24d3d6ab088d16149a.jpg,0,1
Img_2107_jpg.rf.549650126b6a7074195f01e930efa3d0.jpg,1,0
ck0qd7oxtgwug08385hhoh6c6_jpeg_jpg.rf.652e62b80a736e469c308134f186f258.jpg,0,1
Img_344_jpg.rf.c51105f8c979247fc88c575e45194c8a.jpg,1,0
ck0khsg8rangi07215h1hso72_jpeg_jpg.rf.7a859c6631514327685df185d3846cae.jpg,0,1
Img_99_jpg.rf.6001f7e92f3f5c0e0330de21f9276c19.jpg,1,0
fire1-920-_jpg.rf.f42ab2397e90b10ba6b0ae19c517fa85.jpg,1,0
Img_1902_jpg.rf.753e94450f86acc175210bbc2d601152.jpg,1,0
Img_31_jpg.rf.95972386984ce870f9dd5217d30375fa.jpg,1,0
ck0t4kdl1nlyb07011sj8qjd8_jpeg_jpg.rf.b76efe7015aa4ae0634742954118932d.jpg,0,1
WEBSmoke2293_jpg.rf.6929493aec0fe069a8f9f549d5282756.jpg,1,1
Img_1646_jpg.rf.2728d75581643bf5d3e069da00e6d066.jpg,1,0
Img_583_jpg.rf.752774ce56318a024e0a77200d1b97d2.jpg,1,0
Img_63_jpg.rf.4d99dd02dff9e764d82c7ae70c295770.jpg,1,0
ck0ncye0iiouc0848ostst7bq_jpeg_jpg.rf.44ebff30539e3b4437ba119878ae33fd.jpg,0,1
fire1-913-_jpg.rf.8282bc81d63019ddfc5637cebb22d5c1.jpg,1,1
Img_56_jpg.rf.985b991282c01e2890b954545e8e78f0.jpg,1,0
ck0tx3bpm5y140a46ul6hlru8_jpeg_jpg.rf.7beca40580e73f15124396e8643b4a13.jpg,0,1
ck0rqkhjb4o7k0863lhsglv38_jpeg_jpg.rf.05e939b6e6ebff6714a0546a4beb1266.jpg,0,1
ck0nculry62mq0944n824zvzk_jpeg_jpg.rf.ce28162997cd84795a0f6974566522ae.jpg,0,1
MirrorWEBSmoke1215_jpg.rf.227ccc15bbe7d00f09758c99511e3b91.jpg,1,1
ck0t4rrmsnjuy0944xt22ilg4_jpeg_jpg.rf.eef35b701f292367f946c0d44de75de8.jpg,0,1
ck0kovirm99fg0944fdv57hd8_jpeg_jpg.rf.273c5e5fa0d2ed5a1bf24df07c9d59da.jpg,0,1
new_fire_fire-724_png_jpg.rf.2d969cf07fb29117448d53e9fad2b9b0.jpg,0,1
MirrorWEBFire2133_jpg.rf.4a5bceb1be94afcb0ef5cc20ffcc9bf9.jpg,1,0
16_jpg.rf.bdccdcc52c6affa8df4ac97c5686cf6d.jpg,0,1
ck0qbaubof1z40863w0scvpra_jpeg_jpg.rf.16a70d791476e6afbdf206a7f38f3d6c.jpg,0,1
Img_2011_jpg.rf.5c9a2dae544883ab8f9377bc9cc56645.jpg,1,0
Img_1952_jpg.rf.029cab116006e098d75bc9c0d18ac68e.jpg,1,0
Img_1401_jpg.rf.d4abe7fe0fcecba26ebf841b50330e87.jpg,1,0
fire1-525-_jpg.rf.a934b0a974378a27fa76158ee9e87ad5.jpg,1,0
WEBFire1419_jpg.rf.cb2e8e5ea7d52e4bb1bb7e8d6233b632.jpg,1,0
44_jpg.rf.3ab26145399b8862caf7faf834b8dc68.jpg,0,1
fire1-456-_jpg.rf.1840cc750a3be362c2683d25b0b1a28b.jpg,1,0
Img_420_jpg.rf.0c7cce9ed84ab9628cc44adda9044a14.jpg,1,0
WEBFire1380_jpg.rf.042eae5d5c695b003d2f628333da4c2f.jpg,1,0
ck0kcaec57i7s0944jkpjyecx_jpeg_jpg.rf.903d5d90dde1c32a4ac1e119c2c13f15.jpg,0,1
ck0kcouioj11m0a46yjyp0zlc_jpeg_jpg.rf.45cc035d39ab10be1ad116ce97a86f55.jpg,0,1
ck0owo8knvext07012gernxb0_jpeg_jpg.rf.36a93c2547722a2b2ce1f77a922659c5.jpg,0,1
ck0t2kogeyqy50a46u6e56yb9_jpeg_jpg.rf.884e7c09ba0ab015d7fef54f8a75fe62.jpg,0,1
WEBSmoke1073_jpg.rf.c5e159b148fa426eb1da4d67cb4c7791.jpg,1,1
fire1-1435-_jpg.rf.de1668f2d5deab1198a70cd260c0839b.jpg,1,0
1_jpg.rf.505d01d4d252ae8814e0f0cc8f178f07.jpg,0,1
ck0t7cczuqxtt07212nj5eznh_jpeg_jpg.rf.ce6dd544fc53fdee25dddcd2207a4803.jpg,0,1
ck0kd7h8nj2m70a469e4k6x92_jpeg_jpg.rf.3d657e71a91604a0db008776f03820e2.jpg,0,1
Img_276_jpg.rf.b1b0715066acba4a044da8ef16e633e7.jpg,1,0
Img_1983_jpg.rf.1ebf35f8c1316e6848fed2cab462547e.jpg,1,0
ck0u13mbhte0v0838nxz2zdkf_jpeg_jpg.rf.f602ffcd34d7cfa9c1a6610123e2a4d3.jpg,0,1
ck0kcnqqgk6li0848vp3bn5sx_jpeg_jpg.rf.c94fe23e173bf36db9acf88b5d3da77f.jpg,0,1
ck0ujxg4qyroe0721yt57ymqa_jpeg_jpg.rf.c1413da98bda4c703f07fb420c260f0e.jpg,0,1
fire1-1336-_jpg.rf.1159724331f20a5848f62cc4a5b2d3cf.jpg,1,0
ck0uk4wf8875i0a46hztpqvip_jpeg_jpg.rf.58a6cb046b84004724e7cec9fc479666.jpg,0,1
ck0tzu01r69vw0a464th4yn43_jpeg_jpg.rf.ad06af522eac4bea44f70e5675fb380a.jpg,0,1
ck0ujirqowixt07012814w3ox_jpeg_jpg.rf.cafca54f155e0bfee4cdf5fde2018d19.jpg,0,1
WEBFire178_jpg.rf.155d4f8849a478309ea8a045522d35fc.jpg,1,1
ck0kkzzufk6zy0a464la26n1c_jpeg_jpg.rf.dae0eeb4625e1c8720a46e7e3e283787.jpg,0,1
0077_JPG_jpg.rf.1fa10d5d054a90c123baef910ae80297.jpg,0,1
ck0u0muhduoik0944fwbze43u_jpeg_jpg.rf.45db97ef71246e232442878112673f03.jpg,0,1
Img_1016_jpg.rf.bed26a3a4200bc7db63074fb09cba81f.jpg,1,0
fire1-1528-_jpg.rf.148aaa74eeaa5fab6f26a7b153c79421.jpg,1,1
ck0uj9sgjyq2b0721813otzrx_jpeg_jpg.rf.cfec8cc30b12d4dc1639117f1d7e2049.jpg,0,1
ck0m1mrauhbpe0863qyvhhrcx_jpeg_jpg.rf.0babf20f1ba305467ae7887007d2aea8.jpg,0,1
WEBSmoke2357_jpg.rf.875414d11b9ebc70a61b780d3014f540.jpg,1,0
fire1-74-_jpg.rf.28f8376220694b670337cf0f3b0e7013.jpg,1,0
WEBSmoke2280_jpg.rf.aac831d8576c143950178c3f302e374f.jpg,1,1
WEBFire424_jpg.rf.43271111282302fe78e9865c13d78a98.jpg,1,0
fire1-72-_jpg.rf.f018c8217c835daf208c9baca951fd9b.jpg,1,0
MirrorWEBFire1362_jpg.rf.c6208653a4c671cd355dea474b7f760f.jpg,1,1
Img_1693_jpg.rf.cca956a57f06c886933fb194f381b2d8.jpg,1,0
Img_1312_jpg.rf.052cf6d710a01f3ebb7e7fc401ddcb9a.jpg,1,0
ck0rp7n2684q30721hrzu5r15_jpeg_jpg.rf.8f5d8ccad987405100db8ba95628968f.jpg,0,1
Img_1786_jpg.rf.98f3f74ca59940a325fe4d58f81a686a.jpg,1,0
Img_581_jpg.rf.58706c7b969f60790a454d621ab44149.jpg,1,0
fire1-1086-_jpg.rf.d2cddf00c7bb17900f16758fecf57a60.jpg,1,1
ck0nfsgb3a5cl0721k678jfzb_jpeg_jpg.rf.9a05dfd93857257ab6c48629623eefcb.jpg,0,1
ck0nfobvt4msi07944oj7bzx6_jpeg_jpg.rf.be16b981d06c047ea583b206c976e0da.jpg,0,1
ck0lyhdgvtl1m0a46g6vawhau_jpeg_jpg.rf.1c227bdc150ad15016b749e5c7d0aed7.jpg,0,1
Img_1911_jpg.rf.5eb45e897dc129845ac34336d3bf8fb8.jpg,1,0
ck0nabd8whgv30848prwciv2b_jpeg_jpg.rf.721a82dd9db8c249d2825a43d4ede461.jpg,0,1
ck0na5s461w2n0794ifd5c5cs_jpeg_jpg.rf.c0e182f4a9f97bad8831bee932db6434.jpg,0,1
fire1-1316-_jpg.rf.7dbd7e3ca0fb2ca79612a3747613487b.jpg,1,0
ck0nf4ks0js7z0848cku0h6t5_jpeg_jpg.rf.e336e2ac18161032a26a7595b8f55da0.jpg,0,1
ck0l95c8fegck072116xdbwp6_jpeg_jpg.rf.01c33bb42e38c5ab0d1929950a2bb213.jpg,0,1
Img_1994_jpg.rf.344b1980c8152d99e34da68e45009b85.jpg,1,0
0146_JPG_jpg.rf.985091ef2e3f0c969e35c66720c84e3c.jpg,0,1
MirrorWEBFire1533_jpg.rf.a42c20ca778ae5f97397cd6dd7e5c79d.jpg,1,0
ck0nd794g00mz078022z17djb_jpeg_jpg.rf.2346d7dbfdbe975aef5f7c03b437c182.jpg,0,1
ck0txsbnlsx040838wocuy68k_jpeg_jpg.rf.f0ff4df1107a3291aaff924d19af62f0.jpg,0,1
ck0twempn5ur80a462q4bosuo_jpeg_jpg.rf.77cf3a0c758c4f2317bafccbed0354de.jpg,0,1
ck0txxd8f6p0l08484tupben9_jpeg_jpg.rf.800b4be6f410c97bf4ae4761e3f607b2.jpg,0,1
MirrorWEBSmoke2372_jpg.rf.b408a719b0c5dcc63b5438b9a452ad28.jpg,1,1
fire1-505-_jpg.rf.c28e690ca0c58ad57318fa40675d0b9e.jpg,1,0
fire1-306-_jpg.rf.80bc5c035feffe52abd7d32ca5880e19.jpg,1,0
ck0na7z5a7deh0721q2xhjvl6_jpeg_jpg.rf.d23b6d3b0e7aae93801b08bc8033120e.jpg,0,1
fire1-365-_jpg.rf.305e0fc73a94c48b9c362f5f2600b26e.jpg,1,0
Img_1141_jpg.rf.eb74af5cbb456470378074c331ceac04.jpg,1,0
fire1-385-_jpg.rf.787c35aeaa7bc155ac73e4ab8b4e499a.jpg,1,0
ck0k9aqm99o2o0721aml8qpqr_jpeg_jpg.rf.4e93da0ead97d80cdc15d74aa35c137c.jpg,0,1
Img_229_jpg.rf.33c902f6ca9505e260ec6857d9f4b956.jpg,1,0
ck0ng67nbkhul0848gacp299b_jpeg_jpg.rf.159fc97c8a509c76429b10b7af150791.jpg,0,1
Img_1065_jpg.rf.54a06b2b71e07adbb821ed9cea90e722.jpg,1,0
Img_229_jpg.rf.4d5e35c488f5bf3b1a7a03eb2ed487ca.jpg,1,0
ck0kkgh0ik3y20a46kzrit8v2_jpeg_jpg.rf.c3b4cbbe8fb44e9066ce87865257b3b9.jpg,0,1
MirrorWEBFire2133_jpg.rf.cd7e772714cfac9c89a6a07f45b16601.jpg,1,0
WEBFire1242_jpg.rf.400afea516d76a28019385f9cb2fbb21.jpg,1,0
37_jpg.rf.c51e6870108cc9432a61cc08e537eb9b.jpg,0,1
ck0ndxwjf3icx0794m3hlih4u_jpeg_jpg.rf.92abd65fa8819c4929bd9f94089cfa26.jpg,0,1
ck0tzkkd8ulz70701xe5upkxe_jpeg_jpg.rf.a7d316dbda299af1342d711903081a8c.jpg,0,1
MirrorWEBFire1050_jpg.rf.7140ec69c1c1b0d149632095da1942b6.jpg,1,1
5_jpg.rf.238298a137fae9898a6602a5c46adada.jpg,1,0
Img_1969_jpg.rf.feb37e4d9480c7dda9fe65fe8aa7d885.jpg,1,0
Img_465_jpg.rf.07155260803f637fe9cce9d3049eccfd.jpg,1,0
ck0kmp3qy67dy08634jubsyx8_jpeg_jpg.rf.c6986b5abbbd9a99897e3976540ef60d.jpg,0,1
ck0khu2xz94nj070165dkfirk_jpeg_jpg.rf.76fe41d1467d580dd1acd600ce523037.jpg,0,1
ck0u0hs5pwywo0721zyjfy75h_jpeg_jpg.rf.8e3934cf28cbcc5e9ada233612ebd76a.jpg,0,1
ck0rr40pt71p40701fl50vzfa_jpeg_jpg.rf.7f7926c9f82523fedcadaee722d478c3.jpg,0,1
Img_520_jpg.rf.71b24fc49de065d9cda902e8cd0f6d23.jpg,1,0
ck0kdhymna0b10721v4wntit8_jpeg_jpg.rf.94f71ab5241872d71fbb46c6f85f39ee.jpg,0,1
fire1-388-_jpg.rf.b0437d216ad088295124e8fe39808903.jpg,1,0
new_fire_21_jpg.rf.11b73d478af6bfdbbfac735e8ab330cb.jpg,1,0
WEBFire1556_jpg.rf.38ecff2931359b906c9f670869212af2.jpg,1,0
ck0tyx4x7t16i0838grtlspkh_jpeg_jpg.rf.07a03a919f707672475e914f5e8c646e.jpg,0,1
ck0rqq0y3j4tu0848p884qvn1_jpeg_jpg.rf.c524d014ca42d7b98522b8f8fc3f428d.jpg,0,1
ck0u0hkwqurd207012dbpgjhf_jpeg_jpg.rf.ccd3fce63d393b44b66f1f0260489d0f.jpg,0,1
Img_350_jpg.rf.ca9eabc774a9db84732b9fa86805c100.jpg,1,0
new_fire_66_jpg.rf.dda9f8f742e9fd4d39f8a2b2037b95a5.jpg,1,0
Img_103_jpg.rf.71822fefcd21ac97a0564ebeaefa029f.jpg,1,0
ck0t4mzl8ljds0863b0iswyfc_jpeg_jpg.rf.228c1c27083cdacb15f68af106e09a90.jpg,0,1
ezgif-frame-080_jpg.rf.3c66d0e0b33b7152106da583b2ac24cd.jpg,1,0
Img_55_jpg.rf.cba892629047207a7d2b93e236ad78ab.jpg,1,0
ck0nfq2hsj1ro0a46o4gncg6r_jpeg_jpg.rf.0c67817fddc3d4149abd012500199c2b.jpg,0,1
ck0klcevilg5n0848axl4ww0k_jpeg_jpg.rf.9bce142c415765bb9e81af30cd8edbe5.jpg,0,1
ck0kdeqv8a00m0721x8avt6qe_jpeg_jpg.rf.51c83dd9306c1d0b7829e8da92be43f6.jpg,0,1
WEBFire1542_jpg.rf.e5cdb1855d8ab289e63816a56a90ed44.jpg,1,0
ck0qdhfh1uks20848pclbrty6_jpeg_jpg.rf.d06aa260116e36ee2892731516b40c69.jpg,0,1
fire1-587-_jpg.rf.5f1fb1018c61f8fd75ef8c625b0b68ec.jpg,1,0
ck0tyt1orui7t0701sxkqcrnt_jpeg_jpg.rf.d99f65f066f17556ae7932c2b989c5c3.jpg,0,1
Img_490_jpg.rf.d51d194ee727feaf11d62e0a0c6a2e33.jpg,1,0
ck0km4hlk63zp0863ur0owhkg_jpeg_jpg.rf.fc82346d6aa7b82d81fdf560d8432115.jpg,0,1
ck0txsj116ojr0848emet52dc_jpeg_jpg.rf.6a0412b3d26ed0a8f1a49d07904cc974.jpg,0,1
Img_1029_jpg.rf.2f75cfaffd888481a3f49d7f8874fb03.jpg,1,0
new_fire_fire-527_png_jpg.rf.9ad32069cca7f25b6cc32c6b52248f0c.jpg,1,0
ck0ujvtjvyrjx0721f1bk9yvy_jpeg_jpg.rf.87bed01e0e8bbafdc17013962ab8f421.jpg,0,1
fire1-236-_jpg.rf.b51936d742aa2e485238c6cb4796ff04.jpg,1,0
Img_2040_jpg.rf.5b82ed6f338a4548af7ae63d6a2087e3.jpg,1,0
ck0rqlovu6jid0944lyedc9vj_jpeg_jpg.rf.c6261611fa4e26757591b4dc30426e4a.jpg,0,1
ck0kcoc8ik6ni0848clxs0vif_jpeg_jpg.rf.37a9b41dae510f009aced0a3ff7e9140.jpg,0,1
Img_1463_jpg.rf.b0ef80b4453d600c137d88f2f8c99cfc.jpg,1,0
Img_1645_jpg.rf.c5ab855d475f053f1f893720f31dc42f.jpg,1,0
WEBFire214_jpg.rf.921f81a238b0643787affcd92168dd0c.jpg,1,1
ck0t2d3kbyou40a46a56kl6x8_jpeg_jpg.rf.7e266663be371acd972f7816e990300f.jpg,0,1
ezgif-frame-089_jpg.rf.143058cb7ee1c5e7744ec646a76b47c1.jpg,1,0
Img_2033_jpg.rf.8e394ef08418b8801bf27dcc08a326ce.jpg,1,0
ck0txmpuosbkk0863coq4p42u_jpeg_jpg.rf.ecbf47f323843e99117ae48731e73df3.jpg,0,1
ck0tt2r6arrbl0863z4d7kz9g_jpeg_jpg.rf.c71344b3080adf1b845e75ac07cf9099.jpg,0,1
NoiseWEBFP1265_jpg.rf.291a536da6f1d3bb130a123126a54edc.jpg,0,1
0183_jpg.rf.2a21398eea63e907f7a8cb30823511fe.jpg,0,1
Img_1431_jpg.rf.f4a71529cf74ad3622eca801e4bcd41e.jpg,1,0
ck0na2zrshcs50848i2690yin_jpeg_jpg.rf.76233282d4f07852f2efa01886e0d1d2.jpg,0,1
Img_1374_jpg.rf.0364f642dde3be910037e801a6c3276f.jpg,1,0
Img_275_jpg.rf.87504e5c4b008a4eb6be979f2f91a75d.jpg,1,0
ck0kdox8w69td0838i6leuzy9_jpeg_jpg.rf.bae159fac1f37410cc4035481956ec1c.jpg,0,1
fire1-90-_jpg.rf.f9cc01ec2d9729591c33a91c2d70f2f1.jpg,1,0
ck0u98uysslwa0794bmd4n7fd_jpeg_jpg.rf.aa11bcdaccd17fb2de519e9a0978fd27.jpg,0,1
fire1-702-_jpg.rf.cf9d5ec9269fa47bbd3f7d5bb6725399.jpg,1,1
Img_1179_jpg.rf.a401bd0a1a605a3aeb06bbdbd3d1a970.jpg,1,0
Img_1458_jpg.rf.911e8955941af2b674e742d05c67338d.jpg,1,0
fire1-547-_jpg.rf.74049520ea206949f725e03ada63d288.jpg,1,0
ck0lwextoec1a0863lou65q4l_jpeg_jpg.rf.f8ff81172200f3f7f712c9657ddb6c8f.jpg,0,1
Img_1382_jpg.rf.1ae7f1c6abdfbe04d48f44e659706f6f.jpg,1,0
ck0tzncx5rg970794klhrot7p_jpeg_jpg.rf.6eab90e27c3878c238e4dc443c54b586.jpg,0,1
ck0nf4rw3093h0a886by1nwca_jpeg_jpg.rf.e1271810cc153d492812e0338d6367dc.jpg,0,1
ck0kl11aa7dlt0838zoqikube_jpeg_jpg.rf.a684ff3f2ade7ebc4186de5f953adaf1.jpg,0,1
ck0t1r1esms8s0701jmlvghkw_jpeg_jpg.rf.7dcdfa458539f8e892450af3f64a53b5.jpg,0,1
ck0ujb0z98s2k08487aup4zlv_jpeg_jpg.rf.5ca3d3de17caa43f198cc6ff8d39495d.jpg,0,1
new_fire_fire-485_png_jpg.rf.d3cc63fd3dafe9b268c583bb252707a1.jpg,1,1
1191_jpg.rf.c30dfad9f0d28615a509452e1c03e0c0.jpg,1,1
WEBFire1047_jpg.rf.8a400b96a11f32c44b1514520354348f.jpg,1,0
Img_231_jpg.rf.f52ee07dfe645f4ec3c986b2c769685d.jpg,1,0
Img_2029_jpg.rf.edee97f650834ee6bbeda79d68aa72d6.jpg,1,0
Img_1321_jpg.rf.9c2c61bb5ecbe2a9a8396847e8b87a41.jpg,1,0
Img_1578_jpg.rf.12b9c6f5dd8ffaba8c66b399e034c910.jpg,1,0
ck0m0f8x4hwsq0838adn9hkti_jpeg_jpg.rf.c8aa47362337ba1169d992b03791a81c.jpg,0,1
Img_478_jpg.rf.671c00bc58906465c9dc32bc4ea4869c.jpg,1,0
WEBSmoke1209_jpg.rf.a53d7d5e9e9c87951e1a6ea1d57a2e3b.jpg,1,1
Img_1041_jpg.rf.348f236b7d1eb68f8018cdda378288d8.jpg,1,0
ck0ug3zlfw61d09445i888ftl_jpeg_jpg.rf.72af1a2a9510d6acdd5a24f675968dc2.jpg,0,1
Img_1805_jpg.rf.16641a4a6ad2e3820f08879b70e3bf7d.jpg,1,0
ck0t6nixgmcop0863zbzsc32e_jpeg_jpg.rf.790f9ca7a71c0c229e72d72e9a063ef3.jpg,0,1
ck0km3uktkdxc0a46uf6e417v_jpeg_jpg.rf.b795a77e4142915ea86fc978a293699d.jpg,0,1
ck0ndrnhi3fkn0794vbn53c08_jpeg_jpg.rf.7b13e20de3a2447dcdddb6d40a316f59.jpg,0,1
fire1-45-_jpg.rf.4c18eed45fd8789b0601a60bda0c0687.jpg,1,0
ck0kfmg3p6jh90838qxnikor1_jpeg_jpg.rf.87c793078b2240cd1991bd7881f30a9d.jpg,0,1
WEBFire1858_jpg.rf.501937f156a00581f627a2f11baae410.jpg,1,0
ck0twhqawsr970838xj2topr5_jpeg_jpg.rf.d86f9ecf435976d9493f8be6afbca4ac.jpg,0,1
ck0twxu2f5xaj0a4648ury7hi_jpeg_jpg.rf.5da0e6756c4183d87f42671aa95bb3ad.jpg,0,1
ck0twzaqtua2r0701hljesqvp_jpeg_jpg.rf.74597c4f938e41ba022ed203a2882893.jpg,0,1
WEBFire1858_jpg.rf.cab9db771d59d41fb9de927b26f9cb50.jpg,1,0
ck0t5n2jlkxuc07940mygjo8f_jpeg_jpg.rf.b8023e9c18da3a81f6afaeef32129ba0.jpg,0,1
Img_2016_jpg.rf.c6a003e0a1c57eabcaf02e20e2627c68.jpg,1,0
ck0tzzys2sm6b0863k8qyy7hp_jpeg_jpg.rf.733af08e54295d69ceca301eae4e3a5e.jpg,0,1
fire1-863-_jpg.rf.06799748b2765bd21dc4d172e64a59fc.jpg,1,0
Img_339_jpg.rf.22e0c2a4cff9cac73a6cf558af3d1c37.jpg,1,0
ck0kmi7k47m0i08380dwkjuc1_jpeg_jpg.rf.483e2d04426cdfbf7a7ddefea51c091c.jpg,0,1
fire1-522-_jpg.rf.4d781136bee7423eb17c4cc42fb0b213.jpg,1,0
ck0qbo5snhkcv0701pwtwt35x_jpeg_jpg.rf.bb95df4a1bec76589cf87336b0b330ca.jpg,0,1
Img_352_jpg.rf.06f1fac82178e688142bdd7ab445bfc2.jpg,1,0
Img_565_jpg.rf.0edfb3ab7c4f913b7c276b54d263c64b.jpg,1,0
ck0u030x8uono0701kp4dvddz_jpeg_jpg.rf.01774955bfb2e4c7832ac4d671c37faf.jpg,0,1
NoiseWEBSmoke3223_jpg.rf.e388413cb91e91d50dd7d14e760e5b8b.jpg,1,1
fire1-1335-_jpg.rf.efa0d33e0b120e8857be48d1c565aa4b.jpg,1,1
Img_1737_jpg.rf.afda3956e690672f1bff1d9155485be1.jpg,1,0
Img_1034_jpg.rf.a9c20418e48f45bf191ba0d9c574a8e9.jpg,1,0
ck0knw1mc96cu09446iq0ugae_jpeg_jpg.rf.3194d7a6e798ba979b75c17eba3d2ade.jpg,0,1
0089_JPG_jpg.rf.854dcbaed750dbfca60cfd5694665278.jpg,0,1
ck0ty9cx4r9qk0794foscpnun_jpeg_jpg.rf.a244bf9d6c277e44ebe9fbb74b1d75f8.jpg,0,1
ck0u0e1zzwydk07210xx5o9vv_jpeg_jpg.rf.5b28415bc8df5c4f56194004259f5091.jpg,0,1
Img_1119_jpg.rf.7f4042b9d125510cdb35a1eb20d9b868.jpg,1,0
5_jpg.rf.e946d25ccedd7a8ece3db60d6de99802.jpg,0,1
Img_1229_jpg.rf.dad9f7f45f22208aa7de228c12de6ab1.jpg,1,0
MirrorWEBFire268_jpg.rf.a353867a2094463784db030745826db2.jpg,1,1
Img_104_jpg.rf.1b82e0f735b95fbedf810dec8b874bb9.jpg,1,0
ck0tya1tfr9sz0794w5roonwp_jpeg_jpg.rf.c356147057bdc5935efa164e0682bc89.jpg,0,1
MirrorWEBSmoke2535_jpg.rf.5d71480c8254186e11b9cc3ed2ebdeb5.jpg,1,1
ck0txwcn1scmo0863p2fmcq09_jpeg_jpg.rf.603551c51f0acf8399d3d34f00867eec.jpg,0,1
fire1-340-_jpg.rf.0d7f32e9f8e6b6a09c83e99cb7983d12.jpg,1,0
fire1-884-_jpg.rf.4a3dc54bc745ec612a68e05e18f21099.jpg,1,0
Img_2044_jpg.rf.3c0597558cb0bd879730455c703668e5.jpg,1,0
ck0qd5yquiaiq07016q73qoz3_jpeg_jpg.rf.baf5b1fe0bd39f7fea0bb1aafe1892ce.jpg,0,1
fire1-14-_jpg.rf.96dc827d59bc46d231b6945cbef70db8.jpg,1,1
Img_92_jpg.rf.fbac6db07227e573571871ed747d2662.jpg,1,0
ck0tx2twm5xya0a46rieclafo_jpeg_jpg.rf.2803e89f037a90252d8cdcdf53406704.jpg,0,1
Img_1305_jpg.rf.7344ba0e14fe6ccaa70e8a297720accb.jpg,1,0
Img_1753_jpg.rf.a06c137afd70fb3160932a4c9b5c1d8f.jpg,1,0
MirrorWEBSmoke709_jpg.rf.764e1e190e2ad00c3800bcc2d33854b6.jpg,1,1
WEBFire2132_jpg.rf.bd626fe131219c0a1bb7278dfe96ab66.jpg,1,1
WEBSmoke1646_jpg.rf.9436e03bc075ce2c799dd6d4bf96431b.jpg,0,1
Img_1218_jpg.rf.10f202b3cc5acbb89cb8343c272b5228.jpg,1,0
Img_200_jpg.rf.07d01a12e11f888a19a9ff4f9c52a4c0.jpg,1,0
ck0u0znmjuuay0701hyc6trun_jpeg_jpg.rf.27a1b389994c215cb1cf412f1b09fd4b.jpg,0,1
fire1-427-_jpg.rf.7f79931374f2b18aebe44c841c3b789c.jpg,1,0
WEBSmoke099_jpg.rf.0c672685824b13012a6fb04cb5a02414.jpg,1,1
fire1-245-_jpg.rf.6928434e09769f6f113d7a4884bc3b57.jpg,1,0
ck0lxgqhheq2b08638gu6tna1_jpeg_jpg.rf.55419702caf9dbef584ed40384e0ee29.jpg,0,1
fire1-385-_jpg.rf.bbffacf5f989d3148e72b7d640ffde27.jpg,1,0
ck0txn3y1uaec0944bo6m4q6c_jpeg_jpg.rf.f807a1c0117a4c939687791972a77ac3.jpg,0,1
ck0t2z9knn3060944ppcr9fkn_jpeg_jpg.rf.4587ff19be827551e6ffaf77e280c42e.jpg,0,1
fire1-77-_jpg.rf.749157c31e4e4578d9c8488b1583455d.jpg,1,0
fire1-249-_jpg.rf.b79355ac47fd53ddfd8139f5d29b4a3f.jpg,1,0
WEBFire1882_jpg.rf.3f6d85c50c073d74f992f4a711051df7.jpg,1,0
WEBFire574_jpg.rf.a53c17a9e1e2c077dc19207dcb34edc7.jpg,1,1
fire1-308-_jpg.rf.97abe31993bebc1916ee4a37af8e63a9.jpg,1,0
6660ead275b92c0b_jpg.rf.6e68ea926c85c6ff31d6314c8e686129.jpg,1,0
ck0t6p0chogef0701xhns6ujk_jpeg_jpg.rf.aa2d75811d196da9af81b0ce1fc688b3.jpg,0,1
Img_1606_jpg.rf.47420c6f23c04a33216b8aeffc4c6557.jpg,1,0
ck0u09p0z70h60848av5vdh7v_jpeg_jpg.rf.420ce62e7eb77d36bc6a07194f0fd560.jpg,0,1
ck0ug3gjz7wk00a46ikj346zv_jpeg_jpg.rf.ae3088c84877bd479e8ca0e149a58fe9.jpg,0,1
ck0kkta309jh807010cayyl5d_jpeg_jpg.rf.a272ae1317dc55af3cbb3d1aa93971ec.jpg,0,1
ck0lwgsmatsrm0848br00vfki_jpeg_jpg.rf.bb908bb6e439be44ce92bd8dd16b8243.jpg,0,1
Img_1084_jpg.rf.eb2daf9808f2a194827ac8ff81ddfadb.jpg,1,0
ck0t74gx40b5u0a46s72no2dg_jpeg_jpg.rf.60e688e3d9caa9151afdae65505dc993.jpg,0,1
fire1-331-_jpg.rf.84f0ea9574b161aff7141484eb8e4ed0.jpg,1,0
FireDetectionImage_MirrorWEBFire1137_jpg.rf.bad511f0151302437d5c94298dd12bc2.jpg,1,0
WEBFire1364_jpg.rf.81fb4239076b43e05558e8a196a1ad88.jpg,1,0
fire1-304-_jpg.rf.d126af8314a007771a069ca0a19f8ff4.jpg,1,0
Img_8_jpg.rf.30ecdefa6036dfd91abf1f6d942fc21b.jpg,1,0
ck0qbnoibg4ip0838na1tnqe8_jpeg_jpg.rf.bc1d5a7dcf69b3594056cf4769da6554.jpg,0,1
ck0tt2h2btoz109449lxjh5hi_jpeg_jpg.rf.d4b1b226b2625dca653da8868ff4229e.jpg,0,1
fire1-250-_jpg.rf.353e2fa0995dd686b8d97508e26dc656.jpg,1,0
ck0kewsaha6hh07215jgx1bp2_jpeg_jpg.rf.1cfe47447eae18305347303a76031f22.jpg,0,1
ck0ujzue9uicd08638rcyl1ro_jpeg_jpg.rf.69526ebfd51dd2195ce26ce1f182f5d2.jpg,0,1
Img_1932_jpg.rf.fd325d06ea7f2d37d9f3faeae15977af.jpg,1,0
fire1-1344-_jpg.rf.a866a23deeb5bc1e7232a174f50d360b.jpg,1,1
ck0l97837c0ta0944wnryuimb_jpeg_jpg.rf.e958867cbdf7bc948f873e4dc262f654.jpg,0,1
ck0kmewv08ygm0944br9j606r_jpeg_jpg.rf.afd3c244515fac0fabdf1e7087c7d6eb.jpg,0,1
ck0kcy2pmj1v70a464cl53bkw_jpeg_jpg.rf.257ac8400b8621af2de1db0fdda2d194.jpg,0,1
ck0u0obru6f6u0a46axncdx9n_jpeg_jpg.rf.fc934b7b8a81108b0567443332b1cffd.jpg,0,1
fire1-511-_jpg.rf.63ab728f4998f25ba5e86e569fdb1f72.jpg,1,0
WEBFire1535_jpg.rf.0451a55771ac36caebec43aada5ddcae.jpg,1,0
ck0tzza3ut6ra0838aef1ubfa_jpeg_jpg.rf.6c56fad563c3619ff277ef4c9578c652.jpg,0,1
ck0t5xpty0hyp08488g6a7n6l_jpeg_jpg.rf.e69bfeef73a89e9ed63011e75264935f.jpg,0,1
Img_1252_jpg.rf.7da4258b10cc43fce5a28c8752bd782c.jpg,1,0
Img_1112_jpg.rf.3ae6c8aaf3afab08e7a11163c40d823b.jpg,1,0
ck0l9xvyaot920848tv62nd7o_jpeg_jpg.rf.3065aee54ed8a319cc7301f701cf0f74.jpg,0,1
ck0t2gf1wypnz0a4651vbm3b5_jpeg_jpg.rf.98dc13fc8144b66762cbf092242c4513.jpg,0,1
WEBFire244_jpg.rf.036d0c2ad3b62890071241f27c00161b.jpg,1,0
ck0qc7xskeu3r07948qg5ycne_jpeg_jpg.rf.5823db60f4f3f01c4fea7918c0efd64a.jpg,0,1
ck0ndgh043xns0863o9d4l0kk_jpeg_jpg.rf.26863acb62b901cc265f9e644e334e4c.jpg,0,1
ck0uki6ppytkz0721bttibej8_jpeg_jpg.rf.91a3b3c306d9436f7fe4cb005719f2f1.jpg,0,1
ck0keprw9ke1d08483vmle7ed_jpeg_jpg.rf.b1b5d8150b0e4e3c360fc1de82ee414c.jpg,0,1
ck0koqsqta39h0701f6xas96g_jpeg_jpg.rf.286f065d04433dbd4b8dc2dc1f5a94a1.jpg,0,1
Img_1073_jpg.rf.ad22ef822085cab3fb4fc32da1a098c1.jpg,1,0
ck0u13g18uv1x070166k2ew3t_jpeg_jpg.rf.8fe733bf436a8c739aaf4c4ccd2d7e13.jpg,0,1
65a074a2dbfed5b6_jpg.rf.9e99ab2523d3b334653dd477df24f636.jpg,1,0
Img_127_jpg.rf.44a37ee8e2421ad291c90ebf29e0b36e.jpg,1,0
ck0ujoiltwezp0944u48gk6wn_jpeg_jpg.rf.615b32d384284e32ca9b23d1d1044beb.jpg,0,1
MirrorWEBSmoke1210_jpg.rf.fd3c58a26081c33c37fb35b392a55f30.jpg,1,1
Img_1843_jpg.rf.3ecd76a7c2ccf7f05e8cd185b4bc4cd4.jpg,1,0
fire1-463-_jpg.rf.3902a7943503e4367ee491db00e81d5a.jpg,1,0
NoiseWEBFP1264_jpg.rf.d70c6150184463664392287bb6000a21.jpg,0,1
Img_1871_jpg.rf.64e62fea83a8cabe4353224842db3efd.jpg,1,0
MirrorWEBSmoke2277_jpg.rf.5f1e532098c9b9fb189a8a876b1864e7.jpg,0,1
Img_491_jpg.rf.83b4f8a74ae5e96ff9b545c431303ebb.jpg,1,0
NoiseWEBSmoke2853_jpg.rf.c14dfbb738b8890cc683cd858904dda6.jpg,1,1
fire1-851-_jpg.rf.9ed6042611b0ffe0917fde54cd51ebb4.jpg,1,0
new_fire_fire-692_png_jpg.rf.702dad8022443535d66e59eb9d5883b6.jpg,1,0
ck0txwk8k6owz0848gejqchq8_jpeg_jpg.rf.bf4b45f9e3ef1cf7a8528f031542e903.jpg,0,1
Img_1844_jpg.rf.9b2c8bfd4cecee0afa19b55e221cea2b.jpg,1,0
Img_1966_jpg.rf.f896dc583564e6a2f32fa731ab228abe.jpg,1,0
ck0ug2zaqt3zf0794joucwcgf_jpeg_jpg.rf.a14fb6527d077a0e6f11df4d36185131.jpg,0,1
fire1-92-_jpg.rf.18a24032e7f7c1e424f5f27f1390f7a0.jpg,1,0
Img_2003_jpg.rf.fcbad9a351931c07700fe2987901b70d.jpg,1,0
ck0na7jmkg9gj0a46p7jofg58_jpeg_jpg.rf.11dac8499219b515df968a185400a0d4.jpg,0,1
fire1-209-_jpg.rf.49e2b53e1853815cc9c61ef73b2cfdda.jpg,1,0
new_fire_fire-568_png_jpg.rf.8f3322f9ae9874de62c633ef7595f982.jpg,1,0
Img_256_jpg.rf.72193f31c7bf323cc39efd50738b887f.jpg,1,0
ck0l9jo4f9eey0794uap3bxz6_jpeg_jpg.rf.c8575b85d08feb2b9ea8a50499c4f7d2.jpg,0,1
1404_jpg.rf.f0be8088f3f409b681e09d9744e920f3.jpg,1,0
fire1-328-_jpg.rf.85f62bc9e47de6899872f4b784b13e24.jpg,1,0
fire1-1348-_jpg.rf.3fa577513c0a0a6c5cea7630a8044407.jpg,1,0
ck0lx3s62sysz0a46pq7rsuuw_jpeg_jpg.rf.737bae9b39f7a94557e8e08b868ecb74.jpg,0,1
new_fire_fire-647_png_jpg.rf.c4e50f3fdf114cfc6b337c52889c10bf.jpg,1,0
fire1-547-_jpg.rf.615e3a9e277b2d12f8b87e0b6c891aa6.jpg,1,0
ck0ukglh8v4be0838snyl10yu_jpeg_jpg.rf.39d35426c8148f284b6d05081ead21b8.jpg,0,1
WEBSmoke2275_jpg.rf.c68dcddfe8c3ee923b3ae1f04461d641.jpg,1,1
ck0u0fzglungw0944luype68g_jpeg_jpg.rf.637fb9adcc648b10ce3579d89fbec690.jpg,0,1
WEBFire204_jpg.rf.19141c3192c3f166608b46ced88cc755.jpg,1,0
fire1-164-_jpg.rf.53dbe581ef544e048ad27ff1e19fc509.jpg,1,0
Img_1045_jpg.rf.1281fe0e2cdba31a761e5c530f768eda.jpg,1,0
ck0lxh38zu5ri0848ra81j7ne_jpeg_jpg.rf.63642e66e71f0a98ec7f26abde748af0.jpg,0,1
Img_1645_jpg.rf.99859cf114fba932ae791253e4270a76.jpg,1,0
Img_456_jpg.rf.f93ae1b7f12acbbf993cc36c09f5625d.jpg,1,0
NoiseWEBFP1264_jpg.rf.ce5f560e8ef893f1b6d911e518de5cb1.jpg,0,1
ck0txvaz6ub6h09447ux3qyyt_jpeg_jpg.rf.d6db33fe1f2f255870fa97acfe492f9e.jpg,0,1
Img_191_jpg.rf.00d86209a9b7933876d4261acb80b878.jpg,1,0
ck0nett9672gj0944feegfre7_jpeg_jpg.rf.ec8286bc5240b5eb34af9606b6a91c30.jpg,0,1
ck0kd2lpc7kvu0944pq8xomg1_jpeg_jpg.rf.713085e19a2d6094dc4c73fd175d3685.jpg,0,1
27_jpg.rf.388e765b8d492e61c09d2d627997227d.jpg,0,1
Img_1317_jpg.rf.fba2c7e9b76995ce5b566555e62b1d44.jpg,1,0
Img_1039_jpg.rf.9918f7b404438fb57ebf6da742f696d8.jpg,1,0
Img_2028_jpg.rf.2e9b4096be2b95d83f7285622a4f1432.jpg,1,0
ck0lx68q2szgt0a460zlk49kf_jpeg_jpg.rf.5dc70baea6097a599dc3b1f1ec53af63.jpg,0,1
ck0rqflbw4lvd0863gyi0mzp1_jpeg_jpg.rf.d17194c78bc3eefcbec72e5a9d7fbf8e.jpg,0,1
ck0k9dg0vjxcg0848rmqzl38w_jpeg_jpg.rf.5e26e7f6bb7295c532743e20091162ab.jpg,0,1
ck0tx10f0r4n40794pbbiu6iw_jpeg_jpg.rf.c49fb42f469e29fcf43c83ff145859df.jpg,0,1
NoiseWEBFP1264_jpg.rf.d975e084488b6dffa31dafeb3a4462ca.jpg,0,1
ck0km26n78w6b0944d8vapoyy_jpeg_jpg.rf.9cbf27efda54226c482189795ee5c20d.jpg,0,1
new_fire_21_jpg.rf.74fdfa1c8c9253b62f5a3093a4088303.jpg,1,0
ck0na9q14gaaa0a46ghbnn940_jpeg_jpg.rf.b09962f3bdef19bb4ae5e651fbb61170.jpg,0,1
fire1-595-_jpg.rf.23af76791159b6ac855b5ac57527f0e0.jpg,1,0
MirrorWEBSmoke2277_jpg.rf.89dd7737ded15031d267665d9108b7be.jpg,0,1
ck0nfuci585lm0701jw9i5zhj_jpeg_jpg.rf.ee366d8f0da0a48a332a3a8c239a8861.jpg,0,1
Img_1994_jpg.rf.0d9057098cea45a3726999b7c51247a6.jpg,1,0
WEBFire188_jpg.rf.1c4b1beef753b36858c7b9533d22aff1.jpg,1,1
Img_1600_jpg.rf.e31f4792d9e8cabfe471a75d603a79d5.jpg,1,0
ck0l9xgch9grx0794i0878xu3_jpeg_jpg.rf.98bb92583fdf4f5d6da6d01d52024a21.jpg,0,1
ck0t3zt3lnd7u0944gqvvuxtw_jpeg_jpg.rf.04b5e6e1b74f20123fdb8d5a73915dc9.jpg,0,1
Img_177_jpg.rf.78bde94bf4151c06897a3997e3a39cc5.jpg,1,0
ck0t3kjngndaa0701i76i8q2c_jpeg_jpg.rf.fc8bd02edb31f8078cc693426d260a39.jpg,0,1
ck0ncwdaxhgtf0a46wezybiq2_jpeg_jpg.rf.9170e55a41cfefc6fc23f9f8b6c923e7.jpg,0,1
fire1-832-_jpg.rf.f38fdbaa6582f50ef4fcdff6aea80335.jpg,1,0
fire1-753-_jpg.rf.a923929d2a4706ce870f510e1ad1f646.jpg,0,1
Img_1052_jpg.rf.19b243bf8dea432834eeb0eeb499bc5a.jpg,1,0
Img_1150_jpg.rf.619cf214eccb7478f7fa832cc09554f3.jpg,1,0
Img_1053_jpg.rf.fa8ca12b10f0e4f16f81fe7589da35ef.jpg,1,0
ck0t22nfcmwoj0701cj69tol6_jpeg_jpg.rf.eba9eefc4da6b8c57064be2973f9b8d9.jpg,0,1
NoiseWEBFire1449_jpg.rf.67cfa7b232545a5c09adf5fcbf239020.jpg,1,0
fire1-481-_jpg.rf.fe2932509523de40842e93f4cb6f8f0c.jpg,1,0
ck0t50qh5zfpc0a46o2ppy49w_jpeg_jpg.rf.270aaff4484cb877ff54e766a004641a.jpg,0,1
Img_1373_jpg.rf.6a919bbbb3e547d95080ecb4cd51115f.jpg,1,0
MirrorWEBFire1050_jpg.rf.ba4f0469588667190f71adf164e57265.jpg,1,1
ck0twl6pqwg6c0721ja81m52m_jpeg_jpg.rf.05d6812185d6b3aabfcdc663cefa6208.jpg,0,1
Img_1063_jpg.rf.341385f3b24e54502c9cdd752f99bf44.jpg,1,0
new_fire_fire-533_png_jpg.rf.9b37b80516784d0e3069925eebf9e431.jpg,1,0
MirrorWEBFire1385_jpg.rf.42b91b449713768147fe1e017a914e83.jpg,1,0
Img_1334_jpg.rf.10f3ca7dbe8e6a9f73e139b1afb09e01.jpg,1,0
ck0qbakbhjoyy0721qw4fut6n_jpeg_jpg.rf.6717a9d0a0a672dd692e2c73de66474d.jpg,0,1
ck0kosmizkqdq0a46xgz65fgt_jpeg_jpg.rf.b5d693a962445810ebf0d41139e19d28.jpg,0,1
ck0rp7ve43ul20863ldcq568m_jpeg_jpg.rf.11f179b48a2f9e83d5631c5946015edc.jpg,0,1
fire1-1261-_jpg.rf.94166b14d60b4b05c60f2e404d8418fe.jpg,1,1
ck0nfrec983h90701yvzbsczw_jpeg_jpg.rf.e8f4f0e8094583529b79537bafa276dd.jpg,0,1
new_fire_fire-599_png_jpg.rf.0b44a00866409f70806806189c94879f.jpg,1,0
ck0qbex0ljri20721b1v9gyp5_jpeg_jpg.rf.a6dbaa7e335ad168a6d71291a0ca762f.jpg,0,1
Img_1717_jpg.rf.f1871c13b4381dca08ea23c7cedc8765.jpg,1,0
ck0ncrfj130c40794scji9fm2_jpeg_jpg.rf.8d73d2ed102494c538ba052ae36bd048.jpg,0,1
ck0uk2i9z86xl0a46gizlif59_jpeg_jpg.rf.e5ca8ae72276a5442aae1e2847b471eb.jpg,0,1
ck0t3zlhdz6180a46kq06kflk_jpeg_jpg.rf.76dc6f1fe85e355fd034158e6bb5c2e1.jpg,0,1
ck0t5sc8zo0px0944bab8o9n5_jpeg_jpg.rf.540076b1850a6d22ec942c8f2d338195.jpg,0,1
ck0lygt2vkh030721ufglqzq9_jpeg_jpg.rf.d556ec260ce6b548a2d8711a6b940855.jpg,0,1
ck0ty7yegwn140721h5wixp2h_jpeg_jpg.rf.4fccf2639bd48ce17d5a0e1b50560bb4.jpg,0,1
0129_jpg.rf.1a788d7f7a05087627608efee2f1aece.jpg,0,1
ck0ndqvn48v820721miq46qnl_jpeg_jpg.rf.54550eda94e547f42568d51e29d41fa1.jpg,0,1
Img_1083_jpg.rf.ae0d5b1f842228914032808b5f400daf.jpg,1,0
20_jpg.rf.46ae6616023dca66562089c3470e2f66.jpg,0,1
Img_1399_jpg.rf.0be001316e7a3e35976cc118b0000f94.jpg,1,0
ck0ug2o6ku8b708632bp2y2zn_jpeg_jpg.rf.b896575c4ff865a2c5e4b5e7f9e6f077.jpg,0,1
ck0kcubsi4r530863gt6or3em_jpeg_jpg.rf.defd0429f869573840089ab3885cae53.jpg,0,1
Img_521_jpg.rf.11243764eba4ae54f1eed8d4ec660874.jpg,1,0
fire1-254-_jpg.rf.a0795ea842d900cd7f5b42208fba5eb7.jpg,1,0
Img_1113_jpg.rf.8522bc45293cf5100dc13e24bbee8efc.jpg,1,0
ck0tzuao2wuuv0721d9vb3uvm_jpeg_jpg.rf.9fbd4b203eb5955b0dc8c5cffd29718c.jpg,0,1
ck0ndwu8pj3180848zonjasmz_jpeg_jpg.rf.0fc5b28f0b786a8534055a9890d5dbdd.jpg,0,1
ck0txvtlisck20863fbb7u1gc_jpeg_jpg.rf.2637e02cc949a7ee01c984af078f2dd6.jpg,0,1
ck0ndy9p207ai0738n7khflbr_jpeg_jpg.rf.d7ebd657a6775f6727b44c39e4bfd0fa.jpg,0,1
ck0kkgwvk9hhg0701edmbvr7r_jpeg_jpg.rf.91084244ac41aa8cc1b8e3b0a82ebfa1.jpg,0,1
Img_1302_jpg.rf.a4c12d961df1877cbbc6b3367fd00a56.jpg,1,0
ck0u0iymarljc079432rld6ur_jpeg_jpg.rf.c5ea51db2312f698ea1928028ca125ad.jpg,0,1
ck0tzxdcpslr10863f9172aju_jpeg_jpg.rf.6249fef7b81e0c8f87006926c62c50f6.jpg,0,1
new_fire_fire-535_png_jpg.rf.7c08830f940a6d08646952957c7d8e05.jpg,1,0
ck0qbnvn6hk6w0701x0mcjvq8_jpeg_jpg.rf.5331a8efe3ad682672035ec26d952450.jpg,0,1
ck0t6yokymh1c0863qvlkbezb_jpeg_jpg.rf.87cebcecc412c95b36502f29e7dd866b.jpg,0,1
Img_1407_jpg.rf.f9f1e926ab18a9a0e75b835296b753b7.jpg,1,0
ck0lwj354jo7n07218v6vgpvi_jpeg_jpg.rf.8227d734e39a3cf908d0b8d21a641170.jpg,0,1
ck0u02mwv6bah0a467209caub_jpeg_jpg.rf.0d5aa987cde2eb0f1f8f50cb18880249.jpg,0,1
0129_jpg.rf.109089d84160dcda483d4c34b03be1cf.jpg,0,1
ck0m0ch9ugnna07940o8x989j_jpeg_jpg.rf.840b761510a99239248db904a685243f.jpg,0,1
fire1-310-_jpg.rf.1feb1451b40b5a8345b3090156797c58.jpg,1,0
684_jpg.rf.94e9593b0c6fed237380a1f8233fd0c7.jpg,1,0
ck0tswp1wtrfp0701idogph92_jpeg_jpg.rf.7158d31b4240417c140262f25bdd39d9.jpg,0,1
ck0kcko719xjn0721pujcl4if_jpeg_jpg.rf.756f9a149d7d92608d6f0592ad8c2a56.jpg,0,1
Img_361_jpg.rf.21572733434a32f6894e00003d0243f9.jpg,1,0
Img_501_jpg.rf.d421788f2b118ca41b6cad95d548b6fe.jpg,1,0
Img_1228_jpg.rf.48e3d5285efcea38e355d517550a8411.jpg,1,0
ck0ujy91ete1p0794u8tbqbox_jpeg_jpg.rf.de6a35bdbe6e3ae3dec91ad048feea54.jpg,0,1
ck0t3r291z3xb0a46a6hx1rak_jpeg_jpg.rf.de5a3b343ecfa4ebfae82e20d1e73bd2.jpg,0,1
Img_2049_jpg.rf.9a0f1adabdc6209b967f7cff063d0950.jpg,1,0
ck0ujmglz85u10a468qt0d4fc_jpeg_jpg.rf.b8c77a780fbc816e65c82b0028f9683c.jpg,0,1
ck0rqjda68xrv07215zq41dpi_jpeg_jpg.rf.5368d99aefd953e9a8b3999ffb836372.jpg,0,1
ck0twbr4hwf330721j3vv8j30_jpeg_jpg.rf.c9a3e84806341d74b0360998c09bfd3a.jpg,0,1
ck0t1ywwdmqkf0944mhiw5huk_jpeg_jpg.rf.d0759c857e999dc1e5efde5a8eff4f26.jpg,0,1
Img_1978_jpg.rf.19b21018beb403b811d8fe9e047e2520.jpg,1,0
ck0nftsdy5xck0838qb0yk262_jpeg_jpg.rf.69a4a509720879c8f69129f46f0516ef.jpg,0,1
fire1-520-_jpg.rf.f10a23617210e891452d2ee107e7df34.jpg,1,0
ck0rqkoz2587n08387o17rv73_jpeg_jpg.rf.4f4b3062e30a15d14df52a56e03ccdf0.jpg,0,1
Img_478_jpg.rf.af6ab59222eae3b6fa0046291f56a3b0.jpg,1,0
fire1-1397-_jpg.rf.2e07e91f83a194e4b97a7899caaa739a.jpg,1,1
Img_372_jpg.rf.cc362a7667b18a7e1cd0c7a82e0cc0ee.jpg,1,0
ck0rp9iochje10a46pq920puz_jpeg_jpg.rf.c72db82c836d084445b6eb3305cea460.jpg,0,1
ck0na66fi7cky0721kx2rj68t_jpeg_jpg.rf.639d6a2be6d52e2a24973edb0fd4fa49.jpg,0,1
ck0m1643sidi5083850vpmnkb_jpeg_jpg.rf.ccc9842ce24138f93c7ee244bac68f06.jpg,0,1
Img_1770_jpg.rf.87995cbe8718fded62c45593a2d73717.jpg,1,0
ck0qbwggghon207016zt7rz5a_jpeg_jpg.rf.7534e5f46b4bab9421295c193b9c31d3.jpg,0,1
Img_277_jpg.rf.53919bae262942ef2cad50fe2afe38cf.jpg,1,0
ck0nehpd69bax0721onacbe33_jpeg_jpg.rf.5e33773e9c77f62409207df2724fd206.jpg,0,1
ck0twbzbz6hga0848z3sx5lsi_jpeg_jpg.rf.b7aaa8b2d1ea92ca34b40ee406e91538.jpg,0,1
12_jpg.rf.dc29b28e6560d3119ce6303a8c62378e.jpg,0,1
Img_1223_jpg.rf.c179165fa1f5700d361fbba53da5e01d.jpg,1,0
ck0kcpbi29y0x0721g7dlzzcs_jpeg_jpg.rf.a5d67c699410966a5dbdabcb61a7f79d.jpg,0,1
Img_509_jpg.rf.3055fc9a5e0c740a2ae1ce5981117318.jpg,1,0
ck0kd21cfj2810a46eicmjtng_jpeg_jpg.rf.a60392624655c93156918165b8f73455.jpg,0,1
ck0t6o7hrlbs407944kyd1i2r_jpeg_jpg.rf.ee619149ae67fe75432207fa5e03fb37.jpg,0,1
MirrorWEBSmoke298_jpg.rf.91c57b5a28fd45637e94f93197512130.jpg,1,1
ck0ng5zyb5lrz086320xihwm8_jpeg_jpg.rf.abd3d0dfb9500d9051e6e15ed89196bf.jpg,0,1
ck0l967uheggs0721rz56fgry_jpeg_jpg.rf.1dda814392babc7e913db51680c5873d.jpg,0,1
ck0txgdlcsvs8083883yrxqar_jpeg_jpg.rf.6d06e56fe95ba023e1f73623ed148aff.jpg,0,1
0175_jpg.rf.8917fddb494ed84a4f8b7a86e1652a7d.jpg,1,0
WEBFire267_jpg.rf.cfd16a588bb4b999e0df07d4375e1f20.jpg,1,0
ck0lzxfw9iyx50944qfn9yxxl_jpeg_jpg.rf.91b52c12c59ea34c6888378ecb9b757a.jpg,0,1
ck0kksymy5z9j0794x0i3rdvo_jpeg_jpg.rf.b0368110d04036d674ca5df049999c00.jpg,0,1
ck0nds16a43eg08630h6n5un1_jpeg_jpg.rf.5a8bc71b52dae5c80e3ff4dd77f4c9db.jpg,0,1
fire1-1348-_jpg.rf.bff831ffc0aedd73cd0a8cfa623345c6.jpg,1,0
0076_jpg.rf.bd68a3b9aa822d4e9453279b07dc2deb.jpg,0,1
WEBFire574_jpg.rf.f8bb779f28ed86202c5a670a620ffe50.jpg,1,1
Img_1053_jpg.rf.50a27d4b25f8f59fab3f4d85cb59b58f.jpg,1,0
NoiseWEBSmoke3084_jpg.rf.4872f4b9c5ade1584c747c1c286a105e.jpg,1,1
ck0kmem9m68vr07947lx0jam1_jpeg_jpg.rf.d3bafe9bb0925d9df1ed14373fc9fc7a.jpg,0,1
WEBFire1459_jpg.rf.52875303a3b3bd4b6a8a41b2552ccde7.jpg,1,0
0068_jpg.rf.9cb0d85701099b444ae76a1689805dd7.jpg,0,1
Img_1440_jpg.rf.0f1839e01f73c9a24a8412466f83670a.jpg,1,0
fire1-418-_jpg.rf.8a71764fc56e5f8d90bcb7fba03ea67b.jpg,1,0
NoiseWEBFire070_jpg.rf.77e08c5fb8a93b60f1f6ab4878e71888.jpg,1,0
ck0ukjupkwhfa0944r6gu3mh8_jpeg_jpg.rf.2244988174204e848759af31b4cf8305.jpg,0,1
fire1-505-_jpg.rf.5ea530d01470eb7a49c3e8a6b184ea99.jpg,1,0
fire1-1294-_jpg.rf.4ff7b88de9f6a39b15e56494a0019c85.jpg,1,0
Img_465_jpg.rf.10cf44a36b58a4bc33d21e689d07917b.jpg,1,0
ck0km5c8vke4q0a46trc774lh_jpeg_jpg.rf.efc5b97286660d774e39b8eb50124c65.jpg,0,1
Img_2058_jpg.rf.4360a469bfaf069130650510fca39c4a.jpg,1,0
ck0kd70pu4w7b07946742zfpg_jpeg_jpg.rf.2882ca727a46df71dc48225a5cd7440e.jpg,0,1
1_jpg.rf.0bd09285571dfd9d11b3213b7014aaa0.jpg,0,1
Img_2035_jpg.rf.27e3ba76d080e2bfafb2c1b9400562fd.jpg,1,0
ck0nd98ujhlfg0a46hhco18rf_jpeg_jpg.rf.ece1e379aeaf9774ec28fe094b97458a.jpg,0,1
ck0twi6d05v8f0a469q54h3iq_jpeg_jpg.rf.661215efd777baaeba46d5c3b40484b4.jpg,0,1
ck0nd5toq009k0804lhknr6zt_jpeg_jpg.rf.ae86c29110c34f9ce59c38eb02ae823c.jpg,0,1
Img_446_jpg.rf.213b1a7be636f620f33bef5cf8998d3b.jpg,1,0
ck0qb78lnsvjg0a46r1s6hxr1_jpeg_jpg.rf.f9a0a1afe168b403c152af86ed20c288.jpg,0,1
ck0rp8yjl4f5b0838yi4z8ub1_jpeg_jpg.rf.f5f8558e848618ae3c59f0bc559da60a.jpg,0,1
ck0m15mtdwdk30848aglnguy1_jpeg_jpg.rf.001ada2464437f3e5c652c37a755268c.jpg,0,1
20_jpg.rf.abdf3d74b01d5e81efd7908d025ee49f.jpg,0,1
ck0kl0ifc5xd60863hxynsup8_jpeg_jpg.rf.5b484ccacb266639e240293a2ac09408.jpg,0,1
NoiseWEBFP1265_jpg.rf.72e4de6c709d0437c0ffedacd8f27a73.jpg,0,1
ck0qd8gs6ko7j0721x25cv4o3_jpeg_jpg.rf.3a019b391699ce4a77061630ccd0b146.jpg,0,1
MirrorWEBFire2009_jpg.rf.e412a20ea56f0437257784314789a0a2.jpg,1,1
ck0tssirhrq1u0863eoicr5bp_jpeg_jpg.rf.a2bf4b98f2403deb8475afbb79cbd5b9.jpg,0,1
ck0k99e6p79go0944lmxivkmv_jpeg_jpg.rf.c57b8c348a6d7869717c3c4ba52b9fc0.jpg,0,1
Img_1840_jpg.rf.c7fa7163fa278684d4dc4248f070ef85.jpg,1,0
Img_1709_jpg.rf.03b2f43913adb8b544b68a6c0438f53d.jpg,1,0
ck0l8bqss96gu0794pchtppli_jpeg_jpg.rf.0e9cba57c8a08db722b8868d8b5fb4f8.jpg,0,1
ck0rr6kut5kx30838ethvdv5u_jpeg_jpg.rf.8bf2bb971b9ee6aa8b19d9b5c2af33d5.jpg,0,1
fire1-813-_jpg.rf.bd98bf25a2a7f2e4a4b2bf43c08829c2.jpg,1,0
ck0m14kd9vbfd0a46f2gcpvjf_jpeg_jpg.rf.fd3d6b5a8d2f1112e38d8f37d175fb13.jpg,0,1
Img_127_jpg.rf.6fb4c8a245a0a84388cd079f0b9dc55e.jpg,1,0
ck0rql046icek0a462kapdu97_jpeg_jpg.rf.a9ac884b2920e8743a2c49866977b279.jpg,0,1
ck0tstact5eu60a46dakdr243_jpeg_jpg.rf.9a7cd6e90529e6c5861bb79399e2009f.jpg,0,1
Img_1361_jpg.rf.1afc315b5b9c9259a0769a3ef47e43bc.jpg,1,0
Img_207_jpg.rf.f2cbdd543cc0c461fdb71900cee12476.jpg,1,0
fire1-98-_jpg.rf.dbeddc5472c09e8d15a4da77e54a2f57.jpg,1,0
ck0qb7h0asvnf0a46l0myka01_jpeg_jpg.rf.87c96617a46faaca3713fab62c09a385.jpg,0,1
ck0tyfppk6qqc0848u6xtpzgx_jpeg_jpg.rf.e87139dd96a7db078d0ef59414011f42.jpg,0,1
Img_1120_jpg.rf.ee023d02aa6a0644b576dd0dbb95a919.jpg,1,0
ck0qb93azjo480721ojf86ytj_jpeg_jpg.rf.5f20fe5130e786f82804d66a050ff5d2.jpg,0,1
ck0lwfg8yjmbz07219irceyfl_jpeg_jpg.rf.07e9c7112113887290bc60015986dd8c.jpg,0,1
ck0qc86fnk6ox0721cb5kg3tl_jpeg_jpg.rf.3833ff40ceefbc89ef44e0686fc0b875.jpg,0,1
Img_1901_jpg.rf.0c3a733e32ba8cfa75425980e2586d3d.jpg,1,0
ck0rpje8d32fg07940gwkympb_jpeg_jpg.rf.dc1aa2898291a8158959851e5a61994a.jpg,0,1
ck0kot81t6k5g079474qsyev2_jpeg_jpg.rf.b14329cf45c3dce1d937776ff596bacc.jpg,0,1
ck0l939lbnftj0a46atyx4hh4_jpeg_jpg.rf.0af1e9127220bac44b4f2eb31d1dae96.jpg,0,1
ck0k9etuqjxhh0848k6i1mw2f_jpeg_jpg.rf.8ef0c6f20baa2019dfdb95023c0b044e.jpg,0,1
ck0rr7nhf6w970944cb2nnlih_jpeg_jpg.rf.8a0528c7707d5c1e7acaa3d4dc7d5de2.jpg,0,1
ck0rqlgco58j50838724x6rym_jpeg_jpg.rf.362a61aa1404582d2928db553722c901.jpg,0,1
ck0qd6v51ib0j0701sf2wolfq_jpeg_jpg.rf.8e09bcce01a2b53484ff57ba660e031e.jpg,0,1
ck0lyf2lnhyy10944t8eb842u_jpeg_jpg.rf.3051e66df236f1a0c5fbb82e96a491c0.jpg,0,1
Img_1100_jpg.rf.f29ed250af348c65b5ab0882af2f92bd.jpg,1,0
Img_1246_jpg.rf.23d3448780808a86ca3ce9bc327df79d.jpg,1,0
Img_419_jpg.rf.400faf46f37b99d9f29e491e04a6b724.jpg,1,0
ck0rp8d7p858s0721qrjixerv_jpeg_jpg.rf.6839d0c3baa666273958d282eea1d5ea.jpg,0,1
Img_1314_jpg.rf.664ddde992df601099c0402a9329f1b7.jpg,1,0
ck0keo0re4xll086378211i65_jpeg_jpg.rf.79217d2fa4b63509fc46c9007caec689.jpg,0,1
WEBFire1442_jpg.rf.016dde25435c2a2426e04cd18c98ae94.jpg,1,1
ck0rr05k797je0721hrz4bw9e_jpeg_jpg.rf.cf03e1492a86d531e35af24750ad287f.jpg,0,1
ck0tzvykb6xxf0848pysx89eg_jpeg_jpg.rf.c3ebe305cc7fb96efdf5585907d383c4.jpg,0,1
ck0km4pkh640f086302no99ma_jpeg_jpg.rf.ccdc284c4d8ee704b834701b9aeed0be.jpg,0,1
fire1-194-_jpg.rf.ddebd9b1fe19ce2ba7418111ceeafece.jpg,1,0
ck0tyoro0uhpt0701sbzpdha0_jpeg_jpg.rf.b61729f8a12b87a04bcd2863384e8953.jpg,0,1
fire1-979-_jpg.rf.b3fb4c56293209bb4928ca7d3788e57a.jpg,1,1
ck0rr132a3x9r0794yhwyho26_jpeg_jpg.rf.eb80707fc1e80c40419d22a85ec40beb.jpg,0,1
ck0t7s2o0ne4408387zvqn6pr_jpeg_jpg.rf.89a7f83bb3be503c01f132fa0b44f820.jpg,0,1
ck0rqrdr86mhp09441c8d69w7_jpeg_jpg.rf.c4302e9de87e05409b228cb11ba4bfb4.jpg,0,1
ck0negpok9ao50721aw0ozvpl_jpeg_jpg.rf.283ea48ff4810da743141a8e22effc10.jpg,0,1
MirrorWEBFire1207_jpg.rf.8905772e62af15c676c32898111d5422.jpg,1,1
ck0t5nqi3zqqj0a46iyhhhw7b_jpeg_jpg.rf.53c3fa79eb86d9db7a10035afc3440be.jpg,0,1
ck0nepj3s015b0a88py3wvbqu_jpeg_jpg.rf.f2ef95744915b4a2cc9f97e79717aefd.jpg,0,1
ck0kfljfp7vuk09441308dug1_jpeg_jpg.rf.6330d7df658ff28e724bb9632abcde8a.jpg,0,1
61-Copy_jpg.rf.dd78e04635fea3301b5e6932b5df0cdf.jpg,1,1
Img_203_jpg.rf.37ce395ec792f3181ca9785ea44fe126.jpg,1,0
ck0t7cnx9n84208386ufrbnj2_jpeg_jpg.rf.6a88c99d5b8ddbaccbb99a0ace4d847d.jpg,0,1
ck0nem99k9e9v0721yu2dtiqq_jpeg_jpg.rf.bb27ad17799856a180046f05bae5cd39.jpg,0,1
fire1-79-_jpg.rf.e050f2cfd09864cfe86fb2bc11cf0bc5.jpg,1,0
0054_jpg.rf.8631bfd56e93cbad593f6b9441b11cc6.jpg,0,1
ck0t75ti6on9t07015p6wbjle_jpeg_jpg.rf.74b2826c1ee95cb7f47b9fe329975981.jpg,0,1
ck0ncrvqe47qd08384wqzjlk9_jpeg_jpg.rf.37cf0f64b1235971db89853d621c38e4.jpg,0,1
fire1-371-_jpg.rf.dcfd3f3f6ee6bab8a72227fcf2025f3b.jpg,1,0
Img_1782_jpg.rf.6613ee22247abb866ce5925630bf4351.jpg,1,0
NoiseWEBFire1143_jpg.rf.0c00856705ae13792510d020cecd6586.jpg,1,0
fire1-1251-_jpg.rf.9d7e0226760efe056d502328b9fecc53.jpg,1,1
Img_1827_jpg.rf.215729c70c33b4c7022f658a689a889f.jpg,1,0
ck0t7hsj2on2s094444drdqs0_jpeg_jpg.rf.fa919f71f8b93f6567cb5fd6a296169b.jpg,0,1
MirrorWEBFire1730_jpg.rf.a3ba93373a60ec3ae590e6d48f62382e.jpg,1,0
ck0t5oyi1mlpd08385ihi4js3_jpeg_jpg.rf.a4971292911aeb6fee8b3722cbc4d9fc.jpg,0,1
ck0knvsi36h390794sjhcf0ri_jpeg_jpg.rf.5fbfdc8e555efbcaea9e3338d18f0680.jpg,0,1
Img_1274_jpg.rf.1ee68b312090b66d4a39629ae9e505dc.jpg,1,0
ck0kkz639le090848leseakdk_jpeg_jpg.rf.efd524df6807383c6b31fe4680279c9d.jpg,0,1
ck0ujkl8y85nx0a4678ht59jh_jpeg_jpg.rf.f77a85990142a7380bda8211ec36d9d8.jpg,0,1
ck0m0dejchvnj08381f1xtpqs_jpeg_jpg.rf.8bf3ca9bd27daac930105a92eb9ee3a0.jpg,0,1
ck0qbn4c2to820848neklprj5_jpeg_jpg.rf.1a3940e61dd58aff1ed0b5fbf313fe2f.jpg,0,1
WEBFire1528_jpg.rf.7646bd51497964902a49729936ad9e8f.jpg,1,0
WEBFire1098_jpg.rf.772ab5c0d3dc0bc0e09a117df21655bb.jpg,1,0
ck0tyaitfuchg0944iz87630d_jpeg_jpg.rf.7144412846a6cbd8d400fd084009d014.jpg,0,1
Img_2090_jpg.rf.4c7ed5f128ecb6c8e2eadfeb8f8810de.jpg,1,0
ck0khubxx5khq0794ja58vgv5_jpeg_jpg.rf.28fcba3b22f88a0cc16e17c670addd24.jpg,0,1
ck0txfme8sat90863ybrk8lzv_jpeg_jpg.rf.588f3cf605de9519547acd79bc3e9daa.jpg,0,1
NoiseWEBSmoke378_jpg.rf.fefb660690671d92be586d353afecfd5.jpg,1,1
fire1-1347-_jpg.rf.28d1d2f9b9992e90855c944ff7ce769c.jpg,1,0
NoiseWEBFire1423_jpg.rf.5faf24871b466ed56d4471f5927302f9.jpg,1,1
Img_1305_jpg.rf.9ef3af611228fdf2bac66a9f43f52f7d.jpg,1,0
ck0tz4vu9wr2707210cs2d85i_jpeg_jpg.rf.06d96346b6584e7a0676c32de82279b6.jpg,0,1
ck0t5243y02ss0848d4w8z1bl_jpeg_jpg.rf.47721007d18d5308efef8a7222091a2e.jpg,0,1
Img_1971_jpg.rf.a07d027b2157def81b7e5899998c85c5.jpg,1,0
fire1-1540-_jpg.rf.52b5d1b6c735de9182c536cc23caecde.jpg,1,0
Img_98_jpg.rf.d9e207b96f175494ca4c198e9f1beb7a.jpg,1,0
Img_1923_jpg.rf.33cb3ca3559ab3529edca993028ac537.jpg,1,0
fire1-9-_jpg.rf.ddf8f95faef62b8359b89b42c0be54e8.jpg,1,0
MirrorWEBFire395_jpg.rf.d57c0339bd4fd2f6d7932d180c74b029.jpg,1,1
ck0nct2ia48au0838bivpmmn6_jpeg_jpg.rf.95111b0efd9ec7683c4e2e35becc870d.jpg,0,1
ck0kdhizwj37t0a461n7bsvun_jpeg_jpg.rf.21b19a76aea804e1e9fc695a41be4270.jpg,0,1
ck0kd86qe8gf507018qw8usfe_jpeg_jpg.rf.fa48086aa2c9bc17c71b19425097524a.jpg,0,1
WEBSmoke1073_jpg.rf.d7543fb78bfad5c1aa2fc435b47e0bd6.jpg,1,1
Img_262_jpg.rf.ecd9f560e427350b3dfe0ebe01c30b0c.jpg,1,0
Img_1650_jpg.rf.d299bfe1d01cb64a6eb2ce364ba8922d.jpg,1,0
0123_jpg.rf.9404bc6ecd35e32eb43efd923fe5ab6e.jpg,0,1
ck0m0etrphwjo0838r9wzd6ia_jpeg_jpg.rf.fcecfd8c9c43501b6131e8d361945d0a.jpg,0,1
ck0rp4r7382md0721515r9ll0_jpeg_jpg.rf.ab8ae7df55eebbb04d9d830067e44aa9.jpg,0,1
Img_489_jpg.rf.27a9dc1cb5c543f7e6d9571df3c5efd6.jpg,1,0
ck0tsw61gqm680794v186apwr_jpeg_jpg.rf.dfca4be0a4ee71e42895f3b07b5e19e9.jpg,0,1
ck0khrzkh940s0701k1i2tfe3_jpeg_jpg.rf.2d8ca67e3ae003758ab75980de421eec.jpg,0,1
WEBFire1371_jpg.rf.61820a3bb8b22253c2031ec2f63e21b3.jpg,1,1
ck0rpjxds42tv0863ke8nrsmn_jpeg_jpg.rf.cd0cde59023fd76b66f84d07b7038b9b.jpg,0,1
0077_JPG_jpg.rf.943bfe3f04bb3e832ccc88911ae6368b.jpg,0,1
Img_1935_jpg.rf.e951feaa10a44d768a3e06710e3600c7.jpg,1,0
Img_1158_jpg.rf.83036e9df1b14fe33491e1935df798ea.jpg,1,0
Img_1404_jpg.rf.e559ed242c0fd7479eeb6bd9566fe0db.jpg,1,0
ck0kn966blrt008482afk6mhy_jpeg_jpg.rf.a0b4b3428e34a5e2a678bbd7d6a2d482.jpg,0,1
ck0tznjlaumey0701fbjp1dbu_jpeg_jpg.rf.faf1095270538bee380cb9d60388c517.jpg,0,1
ck0oukbtwsjxp083897f03qo4_jpeg_jpg.rf.361a96f3a09487dbca3d09fd1997ae97.jpg,0,1
ck0keq7xa4xxd0863otmigtsy_jpeg_jpg.rf.c7dd55eed15bde0ec6f94b0fe0e03243.jpg,0,1
Img_1768_jpg.rf.0fe207d6986b108ede6f2c50d17dfe02.jpg,1,0
Img_333_jpg.rf.6282b321c22e9a5a1bf274f6e9e5035a.jpg,1,0
ck0ndbtmr8oa50721hzgxpue8_jpeg_jpg.rf.0a25eebe8c1becf55ab96a42aa632971.jpg,0,1
WEBFire140_jpg.rf.7ad9bfacf5f93ee35cb3d36cfd1faca8.jpg,1,0
fire1-24-_jpg.rf.484ae837ad9c14318dc6b13523dd7165.jpg,1,1
fire1-819-_jpg.rf.a82d69d6bc98e50811b4d610d9801842.jpg,1,1
Img_1366_jpg.rf.466ec1b38df786d08229829e77069051.jpg,1,0
28_jpg.rf.6680eb4d6061ac73e33710c21acb160a.jpg,0,1
ck0lyghgkfe8a0794h5pz92p7_jpeg_jpg.rf.4a3bd2e0b709a7467d4377b2049e08a1.jpg,0,1
Img_104_jpg.rf.6b0909218981be6d7390871cc50f8ec6.jpg,1,0
Img_1597_jpg.rf.800078317d2e4e6b6075ecc990c44213.jpg,1,0
0081_JPG_jpg.rf.fc04d294291f4abe18a58e12d690a289.jpg,0,1
ck0qc8qkohujb0701aq2988oa_jpeg_jpg.rf.7a39fdf884587ff122aebe1fff9a571a.jpg,0,1
ck0u0i88bunv00944unevdbqg_jpeg_jpg.rf.757ec8669d29442aa2b5946011185645.jpg,0,1
ck0tyhb0zszbr0838w1dyisjw_jpeg_jpg.rf.36e5cce10604f7a8740cc99cbb7a4a1a.jpg,0,1
ck0ngmuykjkh80a46a5qzv263_jpeg_jpg.rf.e65002b5580904dad68933331d6207cf.jpg,0,1
fire1-374-_jpg.rf.8e3c64b90efc079a51dc168f32ea04e6.jpg,1,0
ck0keop2ya51r072149ntr73o_jpeg_jpg.rf.9a9606e43d19a1c6d5e16936a6054473.jpg,0,1
ck0kkv2jf8pil09448qnz1ndu_jpeg_jpg.rf.a76e56c8a26f1ef41c2d0f7c922489a6.jpg,0,1
Img_483_jpg.rf.204cf8047ce4e6bb172125a68f28e9ac.jpg,1,0
ck0tx7k0tr5rz0794r2twuz1o_jpeg_jpg.rf.e0608816183406c2d376c3f26e7be5fe.jpg,0,1
new_fire_fire-724_png_jpg.rf.adc1a532fc4d3abb2f210fe06259b41d.jpg,0,1
ck0t5wu9ao70b0701rdv7c7af_jpeg_jpg.rf.5091846c642341bc3b0767b562545b33.jpg,0,1
Img_345_jpg.rf.d4a53c6185b203764a229031bb62eab1.jpg,1,0
ck0t7yaokmuhl0863v1rlsm5p_jpeg_jpg.rf.773eb6a40b24f66e93637053af6ff3eb.jpg,0,1
ck0tzqdzqwucd07218blh12ir_jpeg_jpg.rf.dac3214011032ca798e381b4727349a0.jpg,0,1
Img_133_jpg.rf.154754bd635faa595d810f47362f7e84.jpg,1,0
0104_jpg.rf.52d00299c5332015dc56a431e4b35163.jpg,1,0
NoiseWEBFire1384_jpg.rf.8030b681bd11e167fa490cac638c4d52.jpg,1,1
ck0t3htqxn88w09443dhqtzrh_jpeg_jpg.rf.90015b8902cf90bbae91199e16fd5919.jpg,0,1
Img_2055_jpg.rf.467a1769427a8497a48f7ddd4075ce38.jpg,1,0
Img_498_jpg.rf.6b4915ec33a24915a86434d5be709774.jpg,1,0
NoiseWEBSmoke298_jpg.rf.9aef539b6a5d4855cd329b3d3f75af04.jpg,1,1
0118_jpg.rf.bfee4f15c4c8dcbca9b8f6f0763f9981.jpg,0,1
2_jpg.rf.4fa6f7092424afd89e94443e372455aa.jpg,0,1
ck0uk75x5ysls0721e5a9j891_jpeg_jpg.rf.be33aec1c6e29e728dbc5681642671a0.jpg,0,1
fire1-865-_jpg.rf.eb55093a5fbaf9ad4280706abec06382.jpg,1,0
Img_2057_jpg.rf.31ee6db9551427874f8cd6ecf2b92c94.jpg,1,0
ck0t45urenix00701imio8cdw_jpeg_jpg.rf.b2372a42bcb6723917e72ed21b6dc62f.jpg,0,1
Img_1113_jpg.rf.d1a9d96d497df95001842f7842c81486.jpg,1,0
WEBSmoke045_jpg.rf.50b60d2c178027ecc46a7c1b32a07f57.jpg,0,1
Img_1417_jpg.rf.67e5b052dea82f90a13e96a9b8c5d65b.jpg,1,0
ck0u101es74sl08484y0z9pb6_jpeg_jpg.rf.3a499947e92eae9355227d0d9c600d64.jpg,0,1
ezgif-frame-062_jpg.rf.1a5cf0778de33a8ee992f6ab5cdd75c5.jpg,1,0
ck0ujle3ouhd20863udrln8yl_jpeg_jpg.rf.76867871e76a8c047496e5ddcfd6ce81.jpg,0,1
Img_170_jpg.rf.baa79653d21b6846030feeb5912f7ccb.jpg,1,0
MirrorWEBSmoke1795_jpg.rf.f5632fb63c7c11abd51f35683b5ce296.jpg,1,1
WEBSmoke1646_jpg.rf.8a889e2fbe49b1c8aac26b4dad0ff08c.jpg,0,1
Img_1334_jpg.rf.c430f91562406f09cf63568bb255244a.jpg,1,0
ck0qba5yvh45x0944qw0oaamw_jpeg_jpg.rf.b17cf9363a0a28c75d949a1af0d92bde.jpg,0,1
fire1-1539-_jpg.rf.e421daf042b7ae1381b8d5a0490201e6.jpg,1,1
ck0t3s74cnfks070126deykt2_jpeg_jpg.rf.9e309591de470448abaa2f827f4c0916.jpg,0,1
fire1-602-_jpg.rf.1032bc5d9cb04da73fcdff6c49c0513b.jpg,1,0
Img_1684_jpg.rf.a76988ae60e8ec586ed302345323bb69.jpg,1,0
new_fire_fire-485_png_jpg.rf.1158045e7f74149384670a4365583fd0.jpg,1,1
ck0txp6s8ue5b0701zx9qjwwe_jpeg_jpg.rf.811f4be83fe2fa076b95ef2d27e58ab9.jpg,0,1
new_fire_fire-516_png_jpg.rf.62ac7e7e4aa065384ad0cd896fa5e390.jpg,1,0
